[
    {
        "fecha":"01-12-2021",
        "hora":"8:00",
        "placa":"ASG754",
        "servicio":"Revision de frenos, pastillas, discos",
        "mecanico":"Oscar Gomez",
        "estado": "completado"
    },
    {
        "fecha":"02-12-2021",
        "hora":"9:00",
        "placa":"AET641",
        "servicio":"Revision de suspension",
        "mecanico":"Oscar Gomez",
        "estado": "reservado"
    },
    {
        "fecha":"03-12-2021",
        "hora":"10:00",
        "placa":"KYM992",
        "servicio":"Revision de amortiguadores",
        "mecanico":"Pedro Perez",
        "estado": "en reparacion"
    },
    {
        "fecha":"04-12-2021",
        "hora":"11:00",
        "placa":"VBM616",
        "servicio":"Cambio de aceite",
        "mecanico":"Pedro Perez",
        "estado": "completado"
    },
    {
        "fecha":"05-12-2021",
        "hora":"14:00",
        "placa":"UFJ235",
        "servicio":"Alineacion y rotacion de llantas",
        "mecanico":"Juan Jimenez",
        "estado": "completado"
    },
    {
        "fecha":"01-12-2021",
        "hora":"9:00",
        "placa":"RYH651",
        "servicio":"Revision de frenos, pastillas, discos",
        "mecanico":"Oscar Gomez",
        "estado": "reservado"
    }

    

]