[
    {
        "nombreServicio":"Revision de frenos, pastillas, discos",
        "descripcion":"Ajuste del sistema de frenos",
        "costo":120000,
        "duracion":1,
        "estado":true,
        "imageUrls":[
            "https://www.istockphoto.com/es/foto/mec%C3%A1nico-usando-una-llave-de-trinquete-gm1165311626-320602257",
            "https://www.istockphoto.com/es/foto/mantenimiento-y-reparaci%C3%B3n-del-coche-mec%C3%A1nico-escribiendo-papel-de-lista-de-gm1165665234-320817118"
        ]
    },

    {
        "nombreServicio":"Revision de suspension",
        "descripcion":"Ajuste del sistema de suspension",
        "costo":130000,
        "duracion":2,
        "estado":true,
        "imageUrls":[
            "https://www.istockphoto.com/es/foto/mec%C3%A1nico-usando-una-llave-de-trinquete-gm1165311626-320602257",
            "https://www.istockphoto.com/es/foto/mantenimiento-y-reparaci%C3%B3n-del-coche-mec%C3%A1nico-escribiendo-papel-de-lista-de-gm1165665234-320817118"
        ]
    },

    {
        "nombreServicio":"Revision de amortiguadores",
        "descripcion":"Ajuste del sistema de amortiguadores",
        "costo":150000,
        "duracion":1,
        "estado":true,
        "imageUrls":[
            "https://www.istockphoto.com/es/foto/mec%C3%A1nico-usando-una-llave-de-trinquete-gm1165311626-320602257",
            "https://www.istockphoto.com/es/foto/mantenimiento-y-reparaci%C3%B3n-del-coche-mec%C3%A1nico-escribiendo-papel-de-lista-de-gm1165665234-320817118"
        ]
    },

    {
        "nombreServicio":"Cambio de aceite",
        "descripcion":"Cambio de aceite",
        "costo":80000,
        "duracion":1,
        "estado":true,
        "imageUrls":[
            "https://www.istockphoto.com/es/foto/mec%C3%A1nico-usando-una-llave-de-trinquete-gm1165311626-320602257",
            "https://www.istockphoto.com/es/foto/mantenimiento-y-reparaci%C3%B3n-del-coche-mec%C3%A1nico-escribiendo-papel-de-lista-de-gm1165665234-320817118"
        ]
    },

    {
        "nombreServicio":"Alineacion y rotacion de llantas",
        "descripcion":"Alineacion y rotacion de llantas",
        "costo":100000,
        "duracion":1,
        "estado":true,
        "imageUrls":[
            "https://www.istockphoto.com/es/foto/mec%C3%A1nico-usando-una-llave-de-trinquete-gm1165311626-320602257",
            "https://www.istockphoto.com/es/foto/mantenimiento-y-reparaci%C3%B3n-del-coche-mec%C3%A1nico-escribiendo-papel-de-lista-de-gm1165665234-320817118"
        ]
    }

]